Step,wer
75,0.487854251012146
150,0.45748987854251
225,0.42914979757085
300,0.417004048582996
375,0.417004048582996
450,0.410931174089069
525,0.387700467627028
