Step,bleu
50,0.196719946495138
100,0.268668309576072
150,0.283940529759808
200,0.321448937132199
250,0.320543177589016
300,0.32585195082861
350,0.351242539053989
400,0.365523394306988
450,0.384718294652465
