Step,rougeL
50,0.551343589678015
100,0.578779834999308
150,0.594623380254441
200,0.620603845324776
250,0.620788684523412
300,0.637771247821186
350,0.647828038373944
400,0.653770601851947
450,0.661915965261721
