Step,rouge2
50,0.341686077949009
100,0.371909087455478
150,0.389201740905713
200,0.420924894614491
250,0.408474429021393
300,0.430417801812464
350,0.445527636374095
400,0.455513523571266
450,0.471261539646682
