Step,rouge1
50,0.586053693969312
100,0.611603730867912
150,0.6266233807919
200,0.650581564107646
250,0.649581223256837
300,0.66534585619731
350,0.675500779548123
400,0.674943461172142
450,0.687207418338502
