Step,sacrebleu
50,19.6719946495138
100,26.8668309576072
150,28.3940529759808
200,32.1448937132199
250,32.0543177589016
300,32.585195082861
350,35.1242539053989
400,36.5523394306988
450,38.4718294652465
