Step,ter
50,58.0351333767079
100,53.6109303838647
150,52.1145087833442
200,49.5770982433312
250,48.5361093038387
300,48.2758620689655
350,45.2179570592063
400,44.69746258946
450,43.0961307700064
