Step,bleu
75,0.122043360985399
150,0.170761834258045
225,0.198582937135177
300,0.252775845734522
375,0.269425185450684
450,0.301180345759183
525,0.285988562404461
600,0.287209342482017
