Step,loss
75,0.244951248168945
150,0.203818261623383
225,0.177965447306633
300,0.159490644931793
375,0.145103484392166
450,0.134249955415726
525,0.128804117441177
600,0.127293705940247
