Step,rougeL
75,0.414250914328287
150,0.481815613225688
225,0.493419212935645
300,0.52102624926989
375,0.540855237529025
450,0.557529960323144
525,0.551149007093487
600,0.546198757609981
