Step,rouge1
75,0.459700418803208
150,0.524899971524779
225,0.534552706459846
300,0.567843698948191
375,0.587980125924717
450,0.607107219212978
525,0.599035410858276
600,0.595167141370917
