Step,rouge2
75,0.216469898230901
150,0.272332608250785
225,0.295587846690959
300,0.328744616857828
375,0.350480619287493
450,0.372506375305911
525,0.358158730419599
600,0.357249391205637
