Step,sacrebleu
75,12.2043360985399
150,17.0761834258045
225,19.8582937135177
300,25.2775845734522
375,26.9425185450684
450,30.1180345759183
525,28.5988562404461
600,28.7209342482017
