Step,ter
75,76.9973190348526
150,66.7560321715818
225,65.7372654155496
300,60.857908847185
375,59.3565683646113
450,56.8364611260054
525,56.7292225201072
600,57.6407506702413
